feedback_id,theme_id
FB-0001,THM-001
FB-0002,THM-011
FB-0003,THM-011
FB-0004,THM-001
FB-0005,THM-001
FB-0006,THM-001
FB-0007,THM-006
FB-0008,THM-006
FB-0009,THM-006
FB-0010,THM-001
FB-0011,THM-007
FB-0012,THM-008
FB-0013,
FB-0014,THM-008
FB-0015,THM-008
FB-0016,THM-008
FB-0017,
FB-0018,THM-008
FB-0019,
FB-0020,THM-002
FB-0021,THM-002
FB-0022,THM-002
FB-0023,THM-002
FB-0024,THM-002
FB-0025,THM-002
FB-0026,THM-002
FB-0027,
FB-0028,THM-004
FB-0029,
FB-0030,
FB-0031,THM-009
FB-0032,THM-004
FB-0033,THM-009
FB-0034,THM-009
FB-0035,
FB-0036,
FB-0037,THM-004
FB-0038,THM-010
FB-0039,THM-010
FB-0040,THM-001
FB-0041,THM-001
FB-0042,THM-010
FB-0043,THM-010
FB-0044,THM-010
FB-0045,
FB-0046,THM-001
FB-0047,THM-003
FB-0048,THM-003
FB-0049,THM-003
FB-0050,THM-003
FB-0051,THM-003
FB-0052,THM-003
FB-0053,
FB-0054,THM-003
FB-0055,THM-012
FB-0056,THM-012
FB-0057,
FB-0058,
FB-0059,
FB-0060,
FB-0061,THM-012
FB-0062,
FB-0063,THM-005
FB-0064,THM-005
FB-0065,THM-005
FB-0066,
FB-0067,
FB-0068,THM-005
FB-0069,THM-005
FB-0070,THM-007
FB-0071,
FB-0072,
FB-0073,
FB-0074,THM-013
FB-0075,THM-007
FB-0076,THM-014
FB-0077,THM-013
FB-0078,
FB-0079,THM-014
FB-0080,THM-007
FB-0081,
FB-0082,THM-015
FB-0083,
FB-0084,THM-016
FB-0085,
FB-0086,
FB-0087,
FB-0088,THM-015
FB-0089,
FB-0090,THM-012
FB-0091,THM-009
FB-0092,
FB-0093,
FB-0094,THM-016
FB-0095,THM-004
FB-0096,
FB-0097,THM-011
FB-0098,THM-016
FB-0099,
FB-0100,
FB-0101,
FB-0102,
FB-0103,
FB-0104,THM-016
FB-0105,
FB-0106,
FB-0107,
FB-0108,
FB-0109,THM-014
FB-0110,
FB-0111,
FB-0112,THM-013
FB-0113,THM-005
FB-0114,
FB-0115,
FB-0116,
FB-0117,THM-009
FB-0118,
FB-0119,
FB-0120,
FB-0121,
FB-0122,
FB-0123,THM-014
FB-0124,
FB-0125,
FB-0126,THM-013
FB-0127,THM-002
FB-0128,
FB-0129,THM-004
FB-0130,THM-007
FB-0131,
FB-0132,
FB-0133,THM-004
FB-0134,
FB-0135,
FB-0136,
FB-0137,THM-006
FB-0138,
FB-0139,THM-011
FB-0140,THM-006
FB-0141,THM-015
FB-0142,
FB-0143,
FB-0144,
FB-0145,THM-015
FB-0146,
FB-0147,
FB-0148,
FB-0149,
FB-0150,
